title,genre,description,score
Education Move,Thriller,"Ask within owner area what. Leader push campaign election debate.
Leader detail across friend still surface. Him state positive two financial room. A arrive others modern spend blood.",2.628042537082873
Certain Check,Horror,"Beautiful green guy hospital. Top trade reach challenge pattern. Today sell their.
Star government task strong fire including through. Learn notice room capital remember.",2.5719283451478545
Kitchen Control,Horror,"Common occur leader stop.
Poor four than arrive. Baby occur paper. Thought evidence government better war.
Animal situation real leader. World car piece relate image.
Military teach allow nor blue.",2.570956400922588
Often Whole,Sci-Fi,Defense defense outside social pass and though. Cold hair wait discuss begin. His over happy black attorney than road.,2.5677692789967193
Worry Upon,Fantasy,Appear election church than sea market better life. Recognize half see analysis environmental leg story.,2.5144408485564718
